{"cameraMode":{"drawMode":0,"name":"Shaded","section":"Shading Mode"},"sceneLighting":true,"audioPlay":false,"sceneViewState":{"showFog":true,"showMaterialUpdate":false,"showSkybox":true,"showFlares":true,"showImageEffects":true,"showParticleSystems":true,"showVisualEffectGraphs":true,"m_FxEnabled":true},"in2DMode":false,"pivot":{"x":81.50819396972656,"y":327.44097900390627,"z":494.6820373535156},"rotation":{"x":0.043168582022190097,"y":-0.023407379165291787,"z":-0.0013127500424161554,"w":-0.9989773631095886},"size":97.44429016113281,"orthographic":false}